DELETE FROM ItemClaims;
DELETE FROM Items;
DELETE FROM UsersFamilies;
DELETE FROM Users;
DELETE FROM Families;



SET IDENTITY_INSERT [dbo].[Families] ON
INSERT [dbo].[Families] ([FamilyId], [Title]) VALUES (1, N'Klassen')
SET IDENTITY_INSERT [dbo].[Families] OFF
/****** Object:  Table [dbo].[Users]    Script Date: 10/05/2015 22:27:09 ******/
INSERT [dbo].[Users] ([UserId], [UserTypeId], [FName], [LName], [EmailAddress], [Birthdate], [Username], [Password]) VALUES (2, 1, N'Daniel', N'Klassen', N'danielklassen77@hotmail.com', CAST(0x36CF0A00 AS Date), N'Daniel', N'Daniel                                                      ')
INSERT [dbo].[Users] ([UserId], [UserTypeId], [FName], [LName], [EmailAddress], [Birthdate], [Username], [Password]) VALUES (3, 1, N'Elsie', N'Klassen', N'deklassen@shaw.ca', CAST(0x27CE0A00 AS Date), N'Elsie', N'Elsie                                                       ')
INSERT [dbo].[Users] ([UserId], [UserTypeId], [FName], [LName], [EmailAddress], [Birthdate], [Username], [Password]) VALUES (4, 1, N'Carmen', N'Klassen', N'carmeklassen@gmail.com', CAST(0x31F20A00 AS Date), N'Carmen', N'Carmen                                                      ')
INSERT [dbo].[Users] ([UserId], [UserTypeId], [FName], [LName], [EmailAddress], [Birthdate], [Username], [Password]) VALUES (5, 1, N'Paul', N'Dubras', N'paul@forces.gc.ca', NULL, N'Paul', N'Paul                                                        ')
INSERT [dbo].[Users] ([UserId], [UserTypeId], [FName], [LName], [EmailAddress], [Birthdate], [Username], [Password]) VALUES (6, 1, N'Matt', N'Klassen', N'mattdklassen@hotmail.com', CAST(0xBAF80A00 AS Date), N'Matt', N'Matt                                                        ')
INSERT [dbo].[Users] ([UserId], [UserTypeId], [FName], [LName], [EmailAddress], [Birthdate], [Username], [Password]) VALUES (7, 1, N'Kajsa', N'Klassen', N'mattandkajsa@hotmail.com', CAST(0x93F70A00 AS Date), N'Kajsa', N'Kajsa                                                       ')
INSERT [dbo].[Users] ([UserId], [UserTypeId], [FName], [LName], [EmailAddress], [Birthdate], [Username], [Password]) VALUES (8, 1, N'Michael', N'Klassen', N'mjklassen@gmail.com', CAST(0xBAF80A00 AS Date), N'Michael', N'asdf                                                        ')
INSERT [dbo].[Users] ([UserId], [UserTypeId], [FName], [LName], [EmailAddress], [Birthdate], [Username], [Password]) VALUES (9, 1, N'Tetyana', N'Klassen', N'mtklassen@hotmail.com', CAST(0xE1FB0A00 AS Date), N'Tetyana', N'anaytet                                                     ')
INSERT [dbo].[Users] ([UserId], [UserTypeId], [FName], [LName], [EmailAddress], [Birthdate], [Username], [Password]) VALUES (10, 1, N'Kiana', N'Klassen', N'kiana@gmail.com', CAST(0x92220B00 AS Date), N'Kiana', N'kiana97                                                     ')
INSERT [dbo].[Users] ([UserId], [UserTypeId], [FName], [LName], [EmailAddress], [Birthdate], [Username], [Password]) VALUES (11, 1, N'Matea', N'Klassen', N'matea@gmail.com', CAST(0xC1240B00 AS Date), N'Matea', N'Matea                                                       ')
INSERT [dbo].[Users] ([UserId], [UserTypeId], [FName], [LName], [EmailAddress], [Birthdate], [Username], [Password]) VALUES (12, 1, N'Malcolm', N'Klassen', N'malcolm@gmail.com', CAST(0xED270B00 AS Date), N'Malcolm', N'Malcolm                                                     ')
INSERT [dbo].[Users] ([UserId], [UserTypeId], [FName], [LName], [EmailAddress], [Birthdate], [Username], [Password]) VALUES (13, 1, N'Gabriel', N'Klassen', N'gabrielklassen@gmail.com', CAST(0x8D270B00 AS Date), N'Gabriel', N'callie1941                                                  ')
INSERT [dbo].[Users] ([UserId], [UserTypeId], [FName], [LName], [EmailAddress], [Birthdate], [Username], [Password]) VALUES (14, 1, N'Everett', N'Klassen', N'everettklassen@gmail.com', CAST(0xD82A0B00 AS Date), N'Everett', N'everett11                                                   ')
INSERT [dbo].[Users] ([UserId], [UserTypeId], [FName], [LName], [EmailAddress], [Birthdate], [Username], [Password]) VALUES (15, 1, N'Mackenzie', N'Klassen', N'mackenzieklassen@gmail.com', CAST(0xEA2D0B00 AS Date), N'Mackenzie', N'Mackenzie                                                   ')
INSERT [dbo].[Users] ([UserId], [UserTypeId], [FName], [LName], [EmailAddress], [Birthdate], [Username], [Password]) VALUES (16, 1, N'Annaliese', N'Dubras', N'annaliese@hotmail.com', NULL, N'Annaliese', N'Annaliese                                                   ')
INSERT [dbo].[Users] ([UserId], [UserTypeId], [FName], [LName], [EmailAddress], [Birthdate], [Username], [Password]) VALUES (17, 1, N'Dominique', N'Dubras', N'dominiique@hotmail.com', NULL, N'Dominique', N'Dominique                                                   ')
INSERT [dbo].[Users] ([UserId], [UserTypeId], [FName], [LName], [EmailAddress], [Birthdate], [Username], [Password]) VALUES (18, 2, N'Remy', N'Dubras', N'remy@dubras.com', NULL, N'Remy', N'Remy                                                        ')
INSERT [dbo].[Users] ([UserId], [UserTypeId], [FName], [LName], [EmailAddress], [Birthdate], [Username], [Password]) VALUES (19, 2, N'Kris', N'Klassen', N'kris@klassen.com', NULL, N'Kris', N'Kris                                                        ')
INSERT [dbo].[Users] ([UserId], [UserTypeId], [FName], [LName], [EmailAddress], [Birthdate], [Username], [Password]) VALUES (20, 2, N'Martin', N'Klassen', N'martin@klassen.com', NULL, N'Martin', N'Martin                                                      ')
INSERT [dbo].[Users] ([UserId], [UserTypeId], [FName], [LName], [EmailAddress], [Birthdate], [Username], [Password]) VALUES (21, 2, N'Kipling', N'Klassen', N'kipling@klassen.com', NULL, N'Kipling', N'Kipling                                                     ')
INSERT [dbo].[Users] ([UserId], [UserTypeId], [FName], [LName], [EmailAddress], [Birthdate], [Username], [Password]) VALUES (22, 2, N'Callie', N'Klassen', N'callie@klassen.com', NULL, N'Callie', N'Callie                                                      ')
INSERT [dbo].[Users] ([UserId], [UserTypeId], [FName], [LName], [EmailAddress], [Birthdate], [Username], [Password]) VALUES (23, 2, N'Cloud', N'Klassen', N'cloud@klassen.com', NULL, N'Cloud', N'Cloud                                                       ')
INSERT [dbo].[Users] ([UserId], [UserTypeId], [FName], [LName], [EmailAddress], [Birthdate], [Username], [Password]) VALUES (24, 2, N'Jasper', N'Dubras', N'jasper@dubras.com', NULL, N'Jasper', N'Jasper                                                      ')
/****** Object:  Table [dbo].[UsersFamilies]    Script Date: 10/05/2015 22:27:09 ******/
INSERT [dbo].[UsersFamilies] ([UserId], [FamilyId]) VALUES (2, 1)
INSERT [dbo].[UsersFamilies] ([UserId], [FamilyId]) VALUES (3, 1)
INSERT [dbo].[UsersFamilies] ([UserId], [FamilyId]) VALUES (4, 1)
INSERT [dbo].[UsersFamilies] ([UserId], [FamilyId]) VALUES (5, 1)
INSERT [dbo].[UsersFamilies] ([UserId], [FamilyId]) VALUES (6, 1)
INSERT [dbo].[UsersFamilies] ([UserId], [FamilyId]) VALUES (7, 1)
INSERT [dbo].[UsersFamilies] ([UserId], [FamilyId]) VALUES (8, 1)
INSERT [dbo].[UsersFamilies] ([UserId], [FamilyId]) VALUES (9, 1)
INSERT [dbo].[UsersFamilies] ([UserId], [FamilyId]) VALUES (10, 1)
INSERT [dbo].[UsersFamilies] ([UserId], [FamilyId]) VALUES (11, 1)
INSERT [dbo].[UsersFamilies] ([UserId], [FamilyId]) VALUES (12, 1)
INSERT [dbo].[UsersFamilies] ([UserId], [FamilyId]) VALUES (13, 1)
INSERT [dbo].[UsersFamilies] ([UserId], [FamilyId]) VALUES (14, 1)
INSERT [dbo].[UsersFamilies] ([UserId], [FamilyId]) VALUES (15, 1)
INSERT [dbo].[UsersFamilies] ([UserId], [FamilyId]) VALUES (16, 1)
INSERT [dbo].[UsersFamilies] ([UserId], [FamilyId]) VALUES (17, 1)
INSERT [dbo].[UsersFamilies] ([UserId], [FamilyId]) VALUES (18, 1)
INSERT [dbo].[UsersFamilies] ([UserId], [FamilyId]) VALUES (19, 1)
INSERT [dbo].[UsersFamilies] ([UserId], [FamilyId]) VALUES (20, 1)
INSERT [dbo].[UsersFamilies] ([UserId], [FamilyId]) VALUES (21, 1)
INSERT [dbo].[UsersFamilies] ([UserId], [FamilyId]) VALUES (22, 1)
INSERT [dbo].[UsersFamilies] ([UserId], [FamilyId]) VALUES (23, 1)
INSERT [dbo].[UsersFamilies] ([UserId], [FamilyId]) VALUES (24, 1)
/****** Object:  Table [dbo].[Items]    Script Date: 10/05/2015 22:27:09 ******/
SET IDENTITY_INSERT [dbo].[Items] ON
INSERT [dbo].[Items] ([ItemId], [UserId], [Title], [Description], [PriorityId], [Url], [ImagePath], [DateCreated], [DateLastModified], [IsActive]) VALUES (2, 9, N'Ralph Perfume by Ralph Lauren', N'the one I have been using.  Little blue and clear bottle.', 1, N'http://www.ralphlauren.com/family/index.jsp?categoryId=12311909&cp=3280617&ab=ln_fragrance_categories_ralph&SMR=1', NULL, CAST(0x0000A3ED0097E00B AS DateTime), NULL, 1)
INSERT [dbo].[Items] ([ItemId], [UserId], [Title], [Description], [PriorityId], [Url], [ImagePath], [DateCreated], [DateLastModified], [IsActive]) VALUES (3, 9, N'Aveda lotion', NULL, 3, NULL, NULL, CAST(0x0000A3ED00984D81 AS DateTime), NULL, 1)
INSERT [dbo].[Items] ([ItemId], [UserId], [Title], [Description], [PriorityId], [Url], [ImagePath], [DateCreated], [DateLastModified], [IsActive]) VALUES (4, 9, N'oven mitts', N'rusty orange or dark grey would match the best but colour is probably not that important', 2, NULL, NULL, CAST(0x0000A3ED0098629D AS DateTime), CAST(0x0000A3ED0098984D AS DateTime), 1)
INSERT [dbo].[Items] ([ItemId], [UserId], [Title], [Description], [PriorityId], [Url], [ImagePath], [DateCreated], [DateLastModified], [IsActive]) VALUES (5, 15, N'Kits School Desk and Chair by American Girl', N'This is solid wood and it is really pretty.', 1, N'http://store.americangirl.com/agshop/html/item/id/141477/ctc/SI', NULL, CAST(0x0000A3ED0109536D AS DateTime), NULL, 1)
INSERT [dbo].[Items] ([ItemId], [UserId], [Title], [Description], [PriorityId], [Url], [ImagePath], [DateCreated], [DateLastModified], [IsActive]) VALUES (6, 15, N'School Locker by American Girl', N'This is cool', 1, N'http://store.americangirl.com/agshop/html/item/id/233041/ctc/SI', NULL, CAST(0x0000A3ED010998EA AS DateTime), NULL, 1)
INSERT [dbo].[Items] ([ItemId], [UserId], [Title], [Description], [PriorityId], [Url], [ImagePath], [DateCreated], [DateLastModified], [IsActive]) VALUES (7, 15, N'Friends Lego Dolphin Cruiser ', N'I like this', 1, N'http://search-en.lego.com/?q=dolphin+cruiser&cc=US#', NULL, CAST(0x0000A3ED010B5A2F AS DateTime), CAST(0x0000A3ED010C49A6 AS DateTime), 1)
INSERT [dbo].[Items] ([ItemId], [UserId], [Title], [Description], [PriorityId], [Url], [ImagePath], [DateCreated], [DateLastModified], [IsActive]) VALUES (8, 15, N'Lego Friends Olivia''s House', N'this is the home of a lego friends girl that I like.  I want this but not as much as I want American girl stuff', 2, N'http://shop.lego.com/en-US/Olivia-s-House-3315', NULL, CAST(0x0000A3ED010BF83D AS DateTime), CAST(0x0000A3ED010C3B46 AS DateTime), 1)
INSERT [dbo].[Items] ([ItemId], [UserId], [Title], [Description], [PriorityId], [Url], [ImagePath], [DateCreated], [DateLastModified], [IsActive]) VALUES (9, 15, N'Lego friends camper', N'I want this but not as much as American Girl stuff', 2, N'http://shop.lego.com/en-US/Summer-Caravan-41034', NULL, CAST(0x0000A3ED010CCD8F AS DateTime), NULL, 1)
INSERT [dbo].[Items] ([ItemId], [UserId], [Title], [Description], [PriorityId], [Url], [ImagePath], [DateCreated], [DateLastModified], [IsActive]) VALUES (10, 9, N'Lego, Santas workshop', N'This is a cool and beautiful Lego set that I would like....
Gabriel entered this one on my list for me', 3, NULL, NULL, CAST(0x0000A3ED010DC201 AS DateTime), CAST(0x0000A3EF01645D12 AS DateTime), 1)
INSERT [dbo].[Items] ([ItemId], [UserId], [Title], [Description], [PriorityId], [Url], [ImagePath], [DateCreated], [DateLastModified], [IsActive]) VALUES (11, 10, N'Running Shoes', N'I''d prefer a gift card so I can pick them out myself and make sure the fit is good', 1, NULL, NULL, CAST(0x0000A3ED0121F6A9 AS DateTime), NULL, 1)
INSERT [dbo].[Items] ([ItemId], [UserId], [Title], [Description], [PriorityId], [Url], [ImagePath], [DateCreated], [DateLastModified], [IsActive]) VALUES (12, 10, N'Just Dance 2015', N'XBox One', 1, NULL, NULL, CAST(0x0000A3ED01221A46 AS DateTime), NULL, 1)
INSERT [dbo].[Items] ([ItemId], [UserId], [Title], [Description], [PriorityId], [Url], [ImagePath], [DateCreated], [DateLastModified], [IsActive]) VALUES (13, 10, N'Pedicure', N'A gift card for the local salon ''Salon On Main''', 2, NULL, NULL, CAST(0x0000A3ED012281F3 AS DateTime), NULL, 1)
INSERT [dbo].[Items] ([ItemId], [UserId], [Title], [Description], [PriorityId], [Url], [ImagePath], [DateCreated], [DateLastModified], [IsActive]) VALUES (14, 10, N'Subscription to magazines', N'ELLE, Fashion, Teen Vogue, Vogue', 2, NULL, NULL, CAST(0x0000A3ED0122C37B AS DateTime), NULL, 1)
INSERT [dbo].[Items] ([ItemId], [UserId], [Title], [Description], [PriorityId], [Url], [ImagePath], [DateCreated], [DateLastModified], [IsActive]) VALUES (15, 10, N'Sushi Making Kit', N'I have discovered my love for sushi, and would love to try my hand at making my own!', 2, NULL, NULL, CAST(0x0000A3ED012374A7 AS DateTime), NULL, 1)
INSERT [dbo].[Items] ([ItemId], [UserId], [Title], [Description], [PriorityId], [Url], [ImagePath], [DateCreated], [DateLastModified], [IsActive]) VALUES (16, 10, N'Micheal''s Gift Card', N'I need a ball of yarn and a new crochet needle to make a sweater', 1, NULL, NULL, CAST(0x0000A3ED0123A86B AS DateTime), CAST(0x0000A3ED01346B38 AS DateTime), 1)
INSERT [dbo].[Items] ([ItemId], [UserId], [Title], [Description], [PriorityId], [Url], [ImagePath], [DateCreated], [DateLastModified], [IsActive]) VALUES (17, 10, N'iTunes Gift Card', NULL, 1, NULL, NULL, CAST(0x0000A3ED0123BC65 AS DateTime), NULL, 1)
INSERT [dbo].[Items] ([ItemId], [UserId], [Title], [Description], [PriorityId], [Url], [ImagePath], [DateCreated], [DateLastModified], [IsActive]) VALUES (18, 10, N'Money', N'for school and travelling', 3, NULL, NULL, CAST(0x0000A3ED012ECE27 AS DateTime), NULL, 1)
INSERT [dbo].[Items] ([ItemId], [UserId], [Title], [Description], [PriorityId], [Url], [ImagePath], [DateCreated], [DateLastModified], [IsActive]) VALUES (19, 10, N'Ears Pierced', N'a gift card or some money would be great!', 3, NULL, NULL, CAST(0x0000A3ED012EF0C3 AS DateTime), CAST(0x0000A3FA00D346D4 AS DateTime), 1)
INSERT [dbo].[Items] ([ItemId], [UserId], [Title], [Description], [PriorityId], [Url], [ImagePath], [DateCreated], [DateLastModified], [IsActive]) VALUES (20, 10, N'Women In Clothes', N'a book', 2, NULL, NULL, CAST(0x0000A3ED012F031B AS DateTime), NULL, 1)
INSERT [dbo].[Items] ([ItemId], [UserId], [Title], [Description], [PriorityId], [Url], [ImagePath], [DateCreated], [DateLastModified], [IsActive]) VALUES (23, 14, N'Lego city high speed passenger train', N' I like the white one.', 2, N'http://shop.lego.com/en-US/High-speed-Passenger-Train-60051', NULL, CAST(0x0000A3ED0131D729 AS DateTime), CAST(0x0000A51800DC7992 AS DateTime), 1)
INSERT [dbo].[Items] ([ItemId], [UserId], [Title], [Description], [PriorityId], [Url], [ImagePath], [DateCreated], [DateLastModified], [IsActive]) VALUES (24, 14, N'Calvin & Hobbes books', N'They''re funny!  I don''t have any of them yet.', 2, NULL, NULL, CAST(0x0000A3ED01321B34 AS DateTime), CAST(0x0000A518013662DB AS DateTime), 1)
INSERT [dbo].[Items] ([ItemId], [UserId], [Title], [Description], [PriorityId], [Url], [ImagePath], [DateCreated], [DateLastModified], [IsActive]) VALUES (25, 14, N'Phospher touch time "smarter" watch.', N'This is a touch screen watch that deos not connect to your phone but its got built in apps and its pretty cool.  I like the black.', 1, N'http://www.phosphorwatches.com/', NULL, CAST(0x0000A3ED01331798 AS DateTime), CAST(0x0000A52700E0AA81 AS DateTime), 1)
INSERT [dbo].[Items] ([ItemId], [UserId], [Title], [Description], [PriorityId], [Url], [ImagePath], [DateCreated], [DateLastModified], [IsActive]) VALUES (26, 13, N'Ipod nano', N'I would like to listen to music when ever I want.  Grey if possible if not than red', 2, N'http://store.apple.com/ca/buy-ipod/ipod-nano/16gb-space-grey', NULL, CAST(0x0000A3ED01380D4E AS DateTime), CAST(0x0000A3EE008D2783 AS DateTime), 1)
INSERT [dbo].[Items] ([ItemId], [UserId], [Title], [Description], [PriorityId], [Url], [ImagePath], [DateCreated], [DateLastModified], [IsActive]) VALUES (27, 13, N'Lego starwars Imperial star destroyer', NULL, 3, N'http://shop.lego.com/en-CA/Imperial-Star-Destroyer-75055?p=75055&track=checkprice#checkprice', NULL, CAST(0x0000A3ED0138F31A AS DateTime), CAST(0x0000A3EE008D35F5 AS DateTime), 1)
INSERT [dbo].[Items] ([ItemId], [UserId], [Title], [Description], [PriorityId], [Url], [ImagePath], [DateCreated], [DateLastModified], [IsActive]) VALUES (28, 13, N'x games G-T racer', N'This is an awesome type of sled on skis', 3, NULL, NULL, CAST(0x0000A3ED0139734B AS DateTime), CAST(0x0000A3ED0139B578 AS DateTime), 1)
INSERT [dbo].[Items] ([ItemId], [UserId], [Title], [Description], [PriorityId], [Url], [ImagePath], [DateCreated], [DateLastModified], [IsActive]) VALUES (29, 6, N'Canon flash', NULL, 2, N'http://fotosource.mybigcommerce.com/canon-speedlite-320ex-ii/', NULL, CAST(0x0000A3ED01455608 AS DateTime), NULL, 1)
INSERT [dbo].[Items] ([ItemId], [UserId], [Title], [Description], [PriorityId], [Url], [ImagePath], [DateCreated], [DateLastModified], [IsActive]) VALUES (30, 6, N'$ for my basement fireplace project', NULL, 1, NULL, NULL, CAST(0x0000A3ED0145912C AS DateTime), NULL, 1)
INSERT [dbo].[Items] ([ItemId], [UserId], [Title], [Description], [PriorityId], [Url], [ImagePath], [DateCreated], [DateLastModified], [IsActive]) VALUES (31, 15, N'American Girl Camp Treat Set', N'I saw this in the American Girl catalogue.', 3, NULL, NULL, CAST(0x0000A3ED01461D7D AS DateTime), NULL, 1)
INSERT [dbo].[Items] ([ItemId], [UserId], [Title], [Description], [PriorityId], [Url], [ImagePath], [DateCreated], [DateLastModified], [IsActive]) VALUES (32, 15, N'Matching clothes for Mackenzie', N'You can buy clothes that will fit me that match the clothes that fit the American Girl Isabelle.', 1, NULL, NULL, CAST(0x0000A3ED01473CBE AS DateTime), NULL, 1)
INSERT [dbo].[Items] ([ItemId], [UserId], [Title], [Description], [PriorityId], [Url], [ImagePath], [DateCreated], [DateLastModified], [IsActive]) VALUES (33, 15, N'American Girl Isabelle', N'The doll !!', 1, NULL, NULL, CAST(0x0000A3ED01475CB2 AS DateTime), NULL, 1)
INSERT [dbo].[Items] ([ItemId], [UserId], [Title], [Description], [PriorityId], [Url], [ImagePath], [DateCreated], [DateLastModified], [IsActive]) VALUES (34, 8, N'XBox One with Kinect', N'This is the latest console from Microsoft.  Cool.', 1, NULL, NULL, CAST(0x0000A3ED0147FB98 AS DateTime), CAST(0x0000A3F60087EE4C AS DateTime), 1)
INSERT [dbo].[Items] ([ItemId], [UserId], [Title], [Description], [PriorityId], [Url], [ImagePath], [DateCreated], [DateLastModified], [IsActive]) VALUES (35, 8, N'Bread Knife', N'Ours has done us very well for all of our married life, but it''s life is coming to an end.', 2, NULL, NULL, CAST(0x0000A3ED014837DF AS DateTime), CAST(0x0000A3F0008F7521 AS DateTime), 1)
INSERT [dbo].[Items] ([ItemId], [UserId], [Title], [Description], [PriorityId], [Url], [ImagePath], [DateCreated], [DateLastModified], [IsActive]) VALUES (39, 14, N'Lava lamp', N'Any colors', 2, NULL, NULL, CAST(0x0000A3ED01497769 AS DateTime), CAST(0x0000A51800DC360A AS DateTime), 1)
INSERT [dbo].[Items] ([ItemId], [UserId], [Title], [Description], [PriorityId], [Url], [ImagePath], [DateCreated], [DateLastModified], [IsActive]) VALUES (40, 12, N'Mario Kart 7 for Nintendo 3DS', NULL, 1, N'https://www.ebgames.ca/3DS/Games/309888/mario-kart-7', NULL, CAST(0x0000A3ED0149AC6B AS DateTime), NULL, 1)
INSERT [dbo].[Items] ([ItemId], [UserId], [Title], [Description], [PriorityId], [Url], [ImagePath], [DateCreated], [DateLastModified], [IsActive]) VALUES (42, 11, N'anything plaid', N'basically, if it''s plaid, I''ll probably like it :)', 2, NULL, NULL, CAST(0x0000A3ED015650B7 AS DateTime), NULL, 1)
INSERT [dbo].[Items] ([ItemId], [UserId], [Title], [Description], [PriorityId], [Url], [ImagePath], [DateCreated], [DateLastModified], [IsActive]) VALUES (43, 11, N'fuzzy socks', N'Gotta love ''em! I already have quite a few, but I could always use more!', 2, NULL, NULL, CAST(0x0000A3ED01577069 AS DateTime), NULL, 1)
INSERT [dbo].[Items] ([ItemId], [UserId], [Title], [Description], [PriorityId], [Url], [ImagePath], [DateCreated], [DateLastModified], [IsActive]) VALUES (44, 13, N'Need for speed Rivals for the XBOX One, complete edition if possible', N'This is a very cool game for the xbox one that I would like to have', 1, N'http://www.needforspeed.com/rivals/xbox-one', NULL, CAST(0x0000A3ED015E4DC9 AS DateTime), CAST(0x0000A40100D2B47A AS DateTime), 1)
INSERT [dbo].[Items] ([ItemId], [UserId], [Title], [Description], [PriorityId], [Url], [ImagePath], [DateCreated], [DateLastModified], [IsActive]) VALUES (45, 13, N'Lego remote controlled cargo train', N'This is a remote controlled train that Everett and I are going in together on.  Talk to my parents about this
', 1, N'http://www.lego.com/en-us/city/products/trains/60052-cargo-train', NULL, CAST(0x0000A3ED015FCDB8 AS DateTime), CAST(0x0000A3EF0109EE3E AS DateTime), 1)
INSERT [dbo].[Items] ([ItemId], [UserId], [Title], [Description], [PriorityId], [Url], [ImagePath], [DateCreated], [DateLastModified], [IsActive]) VALUES (46, 11, N'slipper socks', N'you know the shoes that babies have, with the little soles on the bottom, that look like socks? Well they have them for big people!!! The url shows some cute ones from old navy.', 2, N'http://oldnavy.gap.com/browse/product.do?vid=1&pid=146031042', NULL, CAST(0x0000A3ED015FE049 AS DateTime), CAST(0x0000A3FB0126BB43 AS DateTime), 1)
INSERT [dbo].[Items] ([ItemId], [UserId], [Title], [Description], [PriorityId], [Url], [ImagePath], [DateCreated], [DateLastModified], [IsActive]) VALUES (47, 7, N'Glee Christmas CD 3', NULL, 1, N'http://www.amazon.ca/Glee-Music-Christmas-Album-3/dp/B00A50PE6K/ref=sr_1_1?ie=UTF8&qid=1416882134&sr=8-1&keywords=glee+christmas+cd+3', NULL, CAST(0x0000A3ED0160ACB9 AS DateTime), NULL, 1)
INSERT [dbo].[Items] ([ItemId], [UserId], [Title], [Description], [PriorityId], [Url], [ImagePath], [DateCreated], [DateLastModified], [IsActive]) VALUES (48, 11, N'Kobo aura', N'the new Kobo e-reader. I''ve been stealing dad''s recently ;)















', 1, N'http://www.chapters.indigo.ca/ereading/gifts/kobo-aura-black/681495005864-item.html?s_campaign=goo-KoboByProduct&gclid=CK-rrejcoMICFcvm7AodBRYAoQ', NULL, CAST(0x0000A3ED016284E1 AS DateTime), CAST(0x0000A3F2010C599D AS DateTime), 1)
INSERT [dbo].[Items] ([ItemId], [UserId], [Title], [Description], [PriorityId], [Url], [ImagePath], [DateCreated], [DateLastModified], [IsActive]) VALUES (50, 15, N'just  dance', N'it  is  for  the  xbox   one', 2, NULL, NULL, CAST(0x0000A3EE010DDF85 AS DateTime), CAST(0x0000A3EE010DFC8F AS DateTime), 1)
INSERT [dbo].[Items] ([ItemId], [UserId], [Title], [Description], [PriorityId], [Url], [ImagePath], [DateCreated], [DateLastModified], [IsActive]) VALUES (51, 15, N'kaya,s  tepee', N'I   like  it  becusse  it  has  fiere', 1, N'http://store.americangirl.com/agshop/html/item/id/251598/uid/13', NULL, CAST(0x0000A3EE011231BC AS DateTime), CAST(0x0000A3EE0118F13E AS DateTime), 1)
INSERT [dbo].[Items] ([ItemId], [UserId], [Title], [Description], [PriorityId], [Url], [ImagePath], [DateCreated], [DateLastModified], [IsActive]) VALUES (52, 15, N'kaya,s  saddle', N'it is  cool', 1, N'http://store.americangirl.com/agshop/html/item/id/232329/ctc/SI', NULL, CAST(0x0000A3EE01132048 AS DateTime), CAST(0x0000A3EE01180368 AS DateTime), 1)
INSERT [dbo].[Items] ([ItemId], [UserId], [Title], [Description], [PriorityId], [Url], [ImagePath], [DateCreated], [DateLastModified], [IsActive]) VALUES (53, 11, N'Ipod shuffle', N'just a little one, just for music.', 1, N'http://store.apple.com/ca/buy-ipod/ipod-shuffle/2gb-green', NULL, CAST(0x0000A3EE0127A7BD AS DateTime), CAST(0x0000A3F20109E879 AS DateTime), 1)
INSERT [dbo].[Items] ([ItemId], [UserId], [Title], [Description], [PriorityId], [Url], [ImagePath], [DateCreated], [DateLastModified], [IsActive]) VALUES (54, 11, N'leggings', N'preferably black or brown ones, just to wear under dresses/skirts. ', 2, NULL, NULL, CAST(0x0000A3EE0128ECB2 AS DateTime), CAST(0x0000A3F3011340F4 AS DateTime), 1)
INSERT [dbo].[Items] ([ItemId], [UserId], [Title], [Description], [PriorityId], [Url], [ImagePath], [DateCreated], [DateLastModified], [IsActive]) VALUES (55, 9, N'$$ towards ski rack', N'Will be a necessity now that we don''t have the van to throw the skis into.', 1, NULL, NULL, CAST(0x0000A3EE017289DB AS DateTime), NULL, 1)
INSERT [dbo].[Items] ([ItemId], [UserId], [Title], [Description], [PriorityId], [Url], [ImagePath], [DateCreated], [DateLastModified], [IsActive]) VALUES (56, 16, N'New Lego table', N'I have a small table I''m using now, but I''ve outgrown it.', 1, NULL, NULL, CAST(0x0000A3EE01817A37 AS DateTime), NULL, 1)
INSERT [dbo].[Items] ([ItemId], [UserId], [Title], [Description], [PriorityId], [Url], [ImagePath], [DateCreated], [DateLastModified], [IsActive]) VALUES (57, 16, N'City Lego Set', NULL, 1, NULL, NULL, CAST(0x0000A3EE0181989C AS DateTime), NULL, 1)
INSERT [dbo].[Items] ([ItemId], [UserId], [Title], [Description], [PriorityId], [Url], [ImagePath], [DateCreated], [DateLastModified], [IsActive]) VALUES (58, 16, N'City Lego Police Station', N'As you can see, I''m a big Lego fan...', 1, NULL, NULL, CAST(0x0000A3EE0181B7F5 AS DateTime), NULL, 1)
INSERT [dbo].[Items] ([ItemId], [UserId], [Title], [Description], [PriorityId], [Url], [ImagePath], [DateCreated], [DateLastModified], [IsActive]) VALUES (59, 16, N'City Lego Cars', NULL, 1, NULL, NULL, CAST(0x0000A3EE0181CC3A AS DateTime), NULL, 1)
INSERT [dbo].[Items] ([ItemId], [UserId], [Title], [Description], [PriorityId], [Url], [ImagePath], [DateCreated], [DateLastModified], [IsActive]) VALUES (60, 16, N'Pokemon Tin', N'So I have a place to put all my cards', 1, NULL, NULL, CAST(0x0000A3EE0181EB60 AS DateTime), NULL, 1)
INSERT [dbo].[Items] ([ItemId], [UserId], [Title], [Description], [PriorityId], [Url], [ImagePath], [DateCreated], [DateLastModified], [IsActive]) VALUES (61, 16, N'Pokemon cards', NULL, 2, NULL, NULL, CAST(0x0000A3EE0181FC6C AS DateTime), NULL, 1)
INSERT [dbo].[Items] ([ItemId], [UserId], [Title], [Description], [PriorityId], [Url], [ImagePath], [DateCreated], [DateLastModified], [IsActive]) VALUES (62, 16, N'Millenium Falcon', N'(Lego)', 1, NULL, NULL, CAST(0x0000A3EE0182166C AS DateTime), NULL, 1)
INSERT [dbo].[Items] ([ItemId], [UserId], [Title], [Description], [PriorityId], [Url], [ImagePath], [DateCreated], [DateLastModified], [IsActive]) VALUES (63, 16, N'Pogo stick', N'I''ve tried my friend''s pogo stick and I think I might have a talent for it!', 2, NULL, NULL, CAST(0x0000A3EE0182433F AS DateTime), NULL, 1)
INSERT [dbo].[Items] ([ItemId], [UserId], [Title], [Description], [PriorityId], [Url], [ImagePath], [DateCreated], [DateLastModified], [IsActive]) VALUES (64, 16, N'Barnes & Noble gift certificate', N'I always see a lot of books I''d like to buy whenever we visit this store', 1, NULL, NULL, CAST(0x0000A3EE0182842D AS DateTime), NULL, 1)
INSERT [dbo].[Items] ([ItemId], [UserId], [Title], [Description], [PriorityId], [Url], [ImagePath], [DateCreated], [DateLastModified], [IsActive]) VALUES (65, 17, N'Playmobil horse stable', NULL, 1, NULL, NULL, CAST(0x0000A3EE018367BD AS DateTime), NULL, 1)
INSERT [dbo].[Items] ([ItemId], [UserId], [Title], [Description], [PriorityId], [Url], [ImagePath], [DateCreated], [DateLastModified], [IsActive]) VALUES (66, 17, N'Playmobil forest animal treehouse', NULL, 1, NULL, NULL, CAST(0x0000A3EE01837760 AS DateTime), NULL, 1)
INSERT [dbo].[Items] ([ItemId], [UserId], [Title], [Description], [PriorityId], [Url], [ImagePath], [DateCreated], [DateLastModified], [IsActive]) VALUES (67, 17, N'Playmobil farm', NULL, 1, NULL, NULL, CAST(0x0000A3EE01838708 AS DateTime), NULL, 1)
INSERT [dbo].[Items] ([ItemId], [UserId], [Title], [Description], [PriorityId], [Url], [ImagePath], [DateCreated], [DateLastModified], [IsActive]) VALUES (68, 17, N'Playmobil dolphin show set', NULL, 1, NULL, NULL, CAST(0x0000A3EE01839848 AS DateTime), NULL, 1)
INSERT [dbo].[Items] ([ItemId], [UserId], [Title], [Description], [PriorityId], [Url], [ImagePath], [DateCreated], [DateLastModified], [IsActive]) VALUES (69, 17, N'Playmobil airport', NULL, 1, NULL, NULL, CAST(0x0000A3EE0183AB40 AS DateTime), NULL, 1)
INSERT [dbo].[Items] ([ItemId], [UserId], [Title], [Description], [PriorityId], [Url], [ImagePath], [DateCreated], [DateLastModified], [IsActive]) VALUES (70, 17, N'Stuffed toy husky or wolf', NULL, 1, NULL, NULL, CAST(0x0000A3EE0183BBC0 AS DateTime), NULL, 1)
INSERT [dbo].[Items] ([ItemId], [UserId], [Title], [Description], [PriorityId], [Url], [ImagePath], [DateCreated], [DateLastModified], [IsActive]) VALUES (71, 17, N'Stuffed toy tiger', NULL, 1, NULL, NULL, CAST(0x0000A3EE0183D0AD AS DateTime), NULL, 1)
INSERT [dbo].[Items] ([ItemId], [UserId], [Title], [Description], [PriorityId], [Url], [ImagePath], [DateCreated], [DateLastModified], [IsActive]) VALUES (72, 6, N'Chapters/Indigo gift card', N'I started making a list of books that I wanted, and soon found that they were all available on my Kobo.  So a Chapters gift card would be great!', 1, N'http://www.chapters.indigo.ca/giftcards', NULL, CAST(0x0000A3EF00C926B6 AS DateTime), NULL, 1)
INSERT [dbo].[Items] ([ItemId], [UserId], [Title], [Description], [PriorityId], [Url], [ImagePath], [DateCreated], [DateLastModified], [IsActive]) VALUES (73, 15, N'lago   jungle  rescue  base', N'i  like it  becusse it  has  a  tipe rope', 2, N'hsop.lego.com/en-CA/catalog/productListing.jsp?_requestid=3362853', NULL, CAST(0x0000A3EF010F5E1E AS DateTime), CAST(0x0000A3EF010F772F AS DateTime), 1)
INSERT [dbo].[Items] ([ItemId], [UserId], [Title], [Description], [PriorityId], [Url], [ImagePath], [DateCreated], [DateLastModified], [IsActive]) VALUES (76, 8, N'Audi Key', N'Our Q7 came with only one key, and I''d really like another one so it will remember MY seating position...', 2, NULL, NULL, CAST(0x0000A3EF01275F98 AS DateTime), NULL, 1)
INSERT [dbo].[Items] ([ItemId], [UserId], [Title], [Description], [PriorityId], [Url], [ImagePath], [DateCreated], [DateLastModified], [IsActive]) VALUES (77, 8, N'Updated navigation DVD for the Audi', N'Our maps are 5 years old and out of date!', 2, NULL, NULL, CAST(0x0000A3EF0127AE63 AS DateTime), CAST(0x0000A3F0008F59A5 AS DateTime), 1)
INSERT [dbo].[Items] ([ItemId], [UserId], [Title], [Description], [PriorityId], [Url], [ImagePath], [DateCreated], [DateLastModified], [IsActive]) VALUES (78, 13, N'Lego train tracks, flexible and staight', N'these are for the cargo train.', 2, N'http://shop.lego.com/en-CA/Flexible-and-Straight-Tracks-7499?fromListing=listing', NULL, CAST(0x0000A3EF012A691E AS DateTime), CAST(0x0000A3EF012C2CFC AS DateTime), 1)
INSERT [dbo].[Items] ([ItemId], [UserId], [Title], [Description], [PriorityId], [Url], [ImagePath], [DateCreated], [DateLastModified], [IsActive]) VALUES (81, 13, N'Lego train tracks, switching', N'these are also for the cargo train', 2, N'http://shop.lego.com/en-CA/Switching-Tracks-7895?fromListing=listing', NULL, CAST(0x0000A3EF012CCFBA AS DateTime), NULL, 1)
INSERT [dbo].[Items] ([ItemId], [UserId], [Title], [Description], [PriorityId], [Url], [ImagePath], [DateCreated], [DateLastModified], [IsActive]) VALUES (83, 15, N'minecraft animals', NULL, 2, N'http://www.chapters.indigo.ca/kids/toys/minecraft-core-animal-6pack/681326165903-item.html?ikwid=minecraft&ikwsec=Home&ikwidx=5', NULL, CAST(0x0000A3EF01515526 AS DateTime), NULL, 1)
INSERT [dbo].[Items] ([ItemId], [UserId], [Title], [Description], [PriorityId], [Url], [ImagePath], [DateCreated], [DateLastModified], [IsActive]) VALUES (84, 15, N'minecraft steve with horse', N'he can ride the horse and it comes with an apple', 2, N'http://www.chapters.indigo.ca/kids/toys/minecraft-steve-with-horse-2/681326165934-item.html?ikwid=minecraft&ikwsec=Home&ikwidx=12', NULL, CAST(0x0000A3EF01519E3E AS DateTime), CAST(0x0000A3EF0151DFD0 AS DateTime), 1)
INSERT [dbo].[Items] ([ItemId], [UserId], [Title], [Description], [PriorityId], [Url], [ImagePath], [DateCreated], [DateLastModified], [IsActive]) VALUES (85, 6, N'Portable USB charger', N'We had an extended power outage this morning, and I actually ran out of battery on my phone in the middle of posting this item.  The irony!  It would have been very useful to have had this.', 1, N'http://www.bestbuy.ca/en-CA/product/pny-electronics-pny-powerpack-5200-mah-portable-charger-p-b-5200-12-s01-rb/10275728.aspx?path=463920c57ebe5110fa44a9f47d2f9c1een02', NULL, CAST(0x0000A3F000B24F4B AS DateTime), NULL, 1)
INSERT [dbo].[Items] ([ItemId], [UserId], [Title], [Description], [PriorityId], [Url], [ImagePath], [DateCreated], [DateLastModified], [IsActive]) VALUES (86, 8, N'Books on CD', N'Anything you''d recommend!  I like historical fiction/non-fiction, classics', 2, NULL, NULL, CAST(0x0000A3F00175718F AS DateTime), NULL, 1)
INSERT [dbo].[Items] ([ItemId], [UserId], [Title], [Description], [PriorityId], [Url], [ImagePath], [DateCreated], [DateLastModified], [IsActive]) VALUES (87, 6, N'Wireless pool/spa thermometer', N'So I can monitor the temp of the pool/spa from inside the house!', 1, N'http://www.homedepot.com/p/AcuRite-Wireless-Digital-Floating-Pool-and-Spa-Thermometer-00617HDSBA2/202260979', NULL, CAST(0x0000A3F200950A6F AS DateTime), NULL, 1)
INSERT [dbo].[Items] ([ItemId], [UserId], [Title], [Description], [PriorityId], [Url], [ImagePath], [DateCreated], [DateLastModified], [IsActive]) VALUES (88, 11, N'geology books ', N'I''ve got a little obsession :P', 2, NULL, NULL, CAST(0x0000A3F2010DD421 AS DateTime), CAST(0x0000A3FB0126A30A AS DateTime), 1)
INSERT [dbo].[Items] ([ItemId], [UserId], [Title], [Description], [PriorityId], [Url], [ImagePath], [DateCreated], [DateLastModified], [IsActive]) VALUES (89, 11, N'onesie', N'I think the animal ones are cute!', 2, NULL, NULL, CAST(0x0000A3F3011700A0 AS DateTime), CAST(0x0000A3F3017A663E AS DateTime), 1)
INSERT [dbo].[Items] ([ItemId], [UserId], [Title], [Description], [PriorityId], [Url], [ImagePath], [DateCreated], [DateLastModified], [IsActive]) VALUES (90, 6, N'Lee Valley gift certificate', NULL, 1, N'https://www.leevalley.com/en/home/GC.aspx', NULL, CAST(0x0000A3F400792AC7 AS DateTime), CAST(0x0000A3F5017D9329 AS DateTime), 1)
INSERT [dbo].[Items] ([ItemId], [UserId], [Title], [Description], [PriorityId], [Url], [ImagePath], [DateCreated], [DateLastModified], [IsActive]) VALUES (91, 6, N'Wireless headphones', N'For watching movies.', 1, N'http://www.futureshop.ca/en-CA/product/sony-sony-wireless-over-ear-headphones-mdrrf985rk-black-mdrrf985rk/10222429.aspx', NULL, CAST(0x0000A3F400DC7048 AS DateTime), CAST(0x0000A3F5017D795C AS DateTime), 1)
INSERT [dbo].[Items] ([ItemId], [UserId], [Title], [Description], [PriorityId], [Url], [ImagePath], [DateCreated], [DateLastModified], [IsActive]) VALUES (92, 10, N'Sight', N'I''m not asking for some sort of miracle - rather, a sight to attach to my bow for aiming purposes', 1, NULL, NULL, CAST(0x0000A3F4018257AF AS DateTime), NULL, 1)
INSERT [dbo].[Items] ([ItemId], [UserId], [Title], [Description], [PriorityId], [Url], [ImagePath], [DateCreated], [DateLastModified], [IsActive]) VALUES (93, 6, N'Wallet', NULL, 1, NULL, NULL, CAST(0x0000A3F500D8EA36 AS DateTime), NULL, 1)
INSERT [dbo].[Items] ([ItemId], [UserId], [Title], [Description], [PriorityId], [Url], [ImagePath], [DateCreated], [DateLastModified], [IsActive]) VALUES (94, 6, N'Wireless Charging Stand for Nokia Lumia', N'Also needs the CC-3066 adapter to work: http://www.microsoft.com/en-us/mobile/accessory/cc-3066/', 1, N'http://www.microsoftstore.com/store/msusa/en_US/pdp/Wireless-Charging-Stand-for-Nokia-Lumia-Black/productID.259026600', NULL, CAST(0x0000A3F50181333F AS DateTime), NULL, 1)
INSERT [dbo].[Items] ([ItemId], [UserId], [Title], [Description], [PriorityId], [Url], [ImagePath], [DateCreated], [DateLastModified], [IsActive]) VALUES (95, 8, N'Keychain', N'I need one that allows me to take individual keys off, to go lock the house while the car is running.  Lee Valley used to make a nice one, but I don''t think they have it any more...', 1, NULL, NULL, CAST(0x0000A3F6008832E3 AS DateTime), NULL, 1)
INSERT [dbo].[Items] ([ItemId], [UserId], [Title], [Description], [PriorityId], [Url], [ImagePath], [DateCreated], [DateLastModified], [IsActive]) VALUES (96, 7, N'A new iron', NULL, 1, NULL, NULL, CAST(0x0000A3FA00B15BB6 AS DateTime), NULL, 1)
INSERT [dbo].[Items] ([ItemId], [UserId], [Title], [Description], [PriorityId], [Url], [ImagePath], [DateCreated], [DateLastModified], [IsActive]) VALUES (97, 7, N'Hand mixer', NULL, 1, NULL, NULL, CAST(0x0000A3FA00B17EB3 AS DateTime), NULL, 1)
INSERT [dbo].[Items] ([ItemId], [UserId], [Title], [Description], [PriorityId], [Url], [ImagePath], [DateCreated], [DateLastModified], [IsActive]) VALUES (98, 21, N'Tennis Balls', N'I always losing mine, and need some new ones for my Chuck-It!', 1, NULL, NULL, CAST(0x0000A3FA01184C81 AS DateTime), NULL, 1)
INSERT [dbo].[Items] ([ItemId], [UserId], [Title], [Description], [PriorityId], [Url], [ImagePath], [DateCreated], [DateLastModified], [IsActive]) VALUES (100, 19, N'Catnip Toy', N'A furry mouse or something would be best', 1, NULL, NULL, CAST(0x0000A3FA0118C2A0 AS DateTime), NULL, 1)
INSERT [dbo].[Items] ([ItemId], [UserId], [Title], [Description], [PriorityId], [Url], [ImagePath], [DateCreated], [DateLastModified], [IsActive]) VALUES (101, 20, N'Catnip Toy', N'Something to keep me entertained inside during the winter', 1, NULL, NULL, CAST(0x0000A3FA0118FE1E AS DateTime), NULL, 1)
INSERT [dbo].[Items] ([ItemId], [UserId], [Title], [Description], [PriorityId], [Url], [ImagePath], [DateCreated], [DateLastModified], [IsActive]) VALUES (102, 10, N'Clothes Giftcards', N'I love gift cards, as I can then go out and buy exactly what I want! I like places such as Forever 21 and H&M, but my main shopping destination is Plato''s Closet (either in Burlington or Oakville)', 1, NULL, NULL, CAST(0x0000A3FA011A2DF6 AS DateTime), NULL, 1)
INSERT [dbo].[Items] ([ItemId], [UserId], [Title], [Description], [PriorityId], [Url], [ImagePath], [DateCreated], [DateLastModified], [IsActive]) VALUES (103, 11, N'skates', N'I would love a new pair of good skates, with some good ankle support :)', 1, N'http://www.canadiantire.ca/en/pdp/reebok-boa-figure-skates-ladies-0833566p.html#.VIYtKMnt7vM', NULL, CAST(0x0000A3FA011B41BD AS DateTime), CAST(0x0000A3FB012869BE AS DateTime), 1)
INSERT [dbo].[Items] ([ItemId], [UserId], [Title], [Description], [PriorityId], [Url], [ImagePath], [DateCreated], [DateLastModified], [IsActive]) VALUES (104, 11, N'knited winter headband', N'They wrap around your head, and cover your ears. I would prefer a white or off white one.', 1, NULL, NULL, CAST(0x0000A3FB0126933C AS DateTime), NULL, 1)
INSERT [dbo].[Items] ([ItemId], [UserId], [Title], [Description], [PriorityId], [Url], [ImagePath], [DateCreated], [DateLastModified], [IsActive]) VALUES (105, 11, N'tea infuser', N'there are some really cute ones online ;P', 1, NULL, NULL, CAST(0x0000A3FB01370DE0 AS DateTime), NULL, 1)
INSERT [dbo].[Items] ([ItemId], [UserId], [Title], [Description], [PriorityId], [Url], [ImagePath], [DateCreated], [DateLastModified], [IsActive]) VALUES (106, 10, N'Tea Thermos', N'A large, metal, well - insulated container to carry tea in. Preferably with a detachable tea infuser/strainer for loose leaf tea.', 1, NULL, NULL, CAST(0x0000A3FC008F4BA4 AS DateTime), NULL, 1)
INSERT [dbo].[Items] ([ItemId], [UserId], [Title], [Description], [PriorityId], [Url], [ImagePath], [DateCreated], [DateLastModified], [IsActive]) VALUES (107, 22, N'dog treats', NULL, 1, N'these are for my timmy', NULL, CAST(0x0000A3FC012F8B57 AS DateTime), NULL, 1)
INSERT [dbo].[Items] ([ItemId], [UserId], [Title], [Description], [PriorityId], [Url], [ImagePath], [DateCreated], [DateLastModified], [IsActive]) VALUES (108, 3, N'Lighted mirror', N'Round mirror that magnifies and has a light', 1, NULL, NULL, CAST(0x0000A3FE00B8FE67 AS DateTime), NULL, 1)
INSERT [dbo].[Items] ([ItemId], [UserId], [Title], [Description], [PriorityId], [Url], [ImagePath], [DateCreated], [DateLastModified], [IsActive]) VALUES (109, 3, N'Nightie', N'Ankle length nightie in cotton or something warmer, the fabric of which is stretchie', 1, NULL, NULL, CAST(0x0000A3FE00B99726 AS DateTime), CAST(0x0000A3FE00BA0650 AS DateTime), 1)
INSERT [dbo].[Items] ([ItemId], [UserId], [Title], [Description], [PriorityId], [Url], [ImagePath], [DateCreated], [DateLastModified], [IsActive]) VALUES (110, 3, N'Dress Boots', N'Footwear for snowy times in Thunder Bay', 1, NULL, NULL, CAST(0x0000A3FE00BA7AD2 AS DateTime), NULL, 1)
INSERT [dbo].[Items] ([ItemId], [UserId], [Title], [Description], [PriorityId], [Url], [ImagePath], [DateCreated], [DateLastModified], [IsActive]) VALUES (111, 2, N'Book: Indescribable by Louis Giglio and Matt Redman', N'Giglio has a DVD by this title but this is the book with a lot of the same information on space but in book form (224 pgs.)', 1, N'http://www.christianbook.com', NULL, CAST(0x0000A400018430DA AS DateTime), CAST(0x0000A4010008B790 AS DateTime), 1)
INSERT [dbo].[Items] ([ItemId], [UserId], [Title], [Description], [PriorityId], [Url], [ImagePath], [DateCreated], [DateLastModified], [IsActive]) VALUES (112, 2, N'Book: Killing Jesus by Bill O''Reilly', N'Bill O''Reilly has a series of books on assassinations like Killing Kennedy (also a DVD) and Killing Lincoln and his most recent is Killing Patton a WWII hero ', 1, N'Amazon.ca', NULL, CAST(0x0000A40001862C1C AS DateTime), CAST(0x0000A401000559A2 AS DateTime), 1)
INSERT [dbo].[Items] ([ItemId], [UserId], [Title], [Description], [PriorityId], [Url], [ImagePath], [DateCreated], [DateLastModified], [IsActive]) VALUES (113, 2, N'Book: Things That Matter by Charles Krauthammer', N'My first preference would be the audio version ... but the book would be great too  ', 1, N'Amazon.ca', NULL, CAST(0x0000A400018B2B78 AS DateTime), CAST(0x0000A400018B5833 AS DateTime), 1)
INSERT [dbo].[Items] ([ItemId], [UserId], [Title], [Description], [PriorityId], [Url], [ImagePath], [DateCreated], [DateLastModified], [IsActive]) VALUES (114, 2, N'DVD - with a brief clip on theme of forgiveness', N'I''m always looking for movies with a 4 - 10 minute segment on FORGIVENESS. If you have seen one - that''s what is want.', 2, NULL, NULL, CAST(0x0000A401000D62C5 AS DateTime), CAST(0x0000A402012B464C AS DateTime), 1)
GO
print 'Processed 100 total records'
INSERT [dbo].[Items] ([ItemId], [UserId], [Title], [Description], [PriorityId], [Url], [ImagePath], [DateCreated], [DateLastModified], [IsActive]) VALUES (115, 9, N'stones for pathway between deck and house', N'like the ones we have!', 1, NULL, NULL, CAST(0x0000A402014ABDBF AS DateTime), NULL, 1)
INSERT [dbo].[Items] ([ItemId], [UserId], [Title], [Description], [PriorityId], [Url], [ImagePath], [DateCreated], [DateLastModified], [IsActive]) VALUES (116, 9, N'new stud earring as I lost my last backing : (', NULL, 1, NULL, NULL, CAST(0x0000A402014AD93B AS DateTime), NULL, 1)
INSERT [dbo].[Items] ([ItemId], [UserId], [Title], [Description], [PriorityId], [Url], [ImagePath], [DateCreated], [DateLastModified], [IsActive]) VALUES (117, 9, N'kettle - one that can plug in for my office', NULL, 1, NULL, NULL, CAST(0x0000A402014AF5E3 AS DateTime), NULL, 1)
INSERT [dbo].[Items] ([ItemId], [UserId], [Title], [Description], [PriorityId], [Url], [ImagePath], [DateCreated], [DateLastModified], [IsActive]) VALUES (118, 21, N'Dog Bed ', N'My kitchen ''mat'' is quite torn up, because I scratch it for no particular reason! So I''d love a new one, please.', 1, NULL, NULL, CAST(0x0000A40301693F53 AS DateTime), NULL, 1)
INSERT [dbo].[Items] ([ItemId], [UserId], [Title], [Description], [PriorityId], [Url], [ImagePath], [DateCreated], [DateLastModified], [IsActive]) VALUES (120, 12, N'Asterix Books', N'Love these. Will add some titles that we don''t have ', 1, NULL, NULL, CAST(0x0000A4060132C76C AS DateTime), NULL, 1)
INSERT [dbo].[Items] ([ItemId], [UserId], [Title], [Description], [PriorityId], [Url], [ImagePath], [DateCreated], [DateLastModified], [IsActive]) VALUES (121, 12, N'Tin Tin books ', N'Love these too', 1, NULL, NULL, CAST(0x0000A4060132DE59 AS DateTime), NULL, 1)
INSERT [dbo].[Items] ([ItemId], [UserId], [Title], [Description], [PriorityId], [Url], [ImagePath], [DateCreated], [DateLastModified], [IsActive]) VALUES (122, 12, N'Lego Millenium Falcon', NULL, 1, NULL, NULL, CAST(0x0000A4060132FD41 AS DateTime), NULL, 1)
INSERT [dbo].[Items] ([ItemId], [UserId], [Title], [Description], [PriorityId], [Url], [ImagePath], [DateCreated], [DateLastModified], [IsActive]) VALUES (123, 12, N'zip line kit', N'so we can hook up a zip line in the backyard', 1, NULL, NULL, CAST(0x0000A4060134084C AS DateTime), NULL, 1)
INSERT [dbo].[Items] ([ItemId], [UserId], [Title], [Description], [PriorityId], [Url], [ImagePath], [DateCreated], [DateLastModified], [IsActive]) VALUES (124, 7, N'tickets to see Don Giovanni with Russell at the COC ', NULL, 1, NULL, NULL, CAST(0x0000A4060139E42F AS DateTime), NULL, 1)
INSERT [dbo].[Items] ([ItemId], [UserId], [Title], [Description], [PriorityId], [Url], [ImagePath], [DateCreated], [DateLastModified], [IsActive]) VALUES (125, 23, N'Millet', N'I love the stuff!  Can''t get enough!', 1, NULL, NULL, CAST(0x0000A40700CA14E2 AS DateTime), NULL, 1)
INSERT [dbo].[Items] ([ItemId], [UserId], [Title], [Description], [PriorityId], [Url], [ImagePath], [DateCreated], [DateLastModified], [IsActive]) VALUES (126, 23, N'Budgie toy', N'I''m getting bored with the stuff that''s in my cage; something new would break the monotony of long days in here...', 1, NULL, NULL, CAST(0x0000A40700CA59DC AS DateTime), NULL, 1)
INSERT [dbo].[Items] ([ItemId], [UserId], [Title], [Description], [PriorityId], [Url], [ImagePath], [DateCreated], [DateLastModified], [IsActive]) VALUES (127, 6, N'New tennis racket', NULL, 1, NULL, NULL, CAST(0x0000A40701261E2E AS DateTime), NULL, 1)
INSERT [dbo].[Items] ([ItemId], [UserId], [Title], [Description], [PriorityId], [Url], [ImagePath], [DateCreated], [DateLastModified], [IsActive]) VALUES (128, 6, N'Bluetooth alarm clock', N'WalMart sells a cool one by Blackweb that has a USB charger and a phone stand on top of it.', 1, NULL, NULL, CAST(0x0000A40701307742 AS DateTime), NULL, 1)
INSERT [dbo].[Items] ([ItemId], [UserId], [Title], [Description], [PriorityId], [Url], [ImagePath], [DateCreated], [DateLastModified], [IsActive]) VALUES (129, 6, N'tea pot or cup which is kept warm by a tea light candle ', NULL, 1, NULL, NULL, CAST(0x0000A40A01334FD1 AS DateTime), NULL, 1)
INSERT [dbo].[Items] ([ItemId], [UserId], [Title], [Description], [PriorityId], [Url], [ImagePath], [DateCreated], [DateLastModified], [IsActive]) VALUES (130, 4, N'New Fleece', N'Anything will do...My current fleeces are flawed', 1, NULL, NULL, CAST(0x0000A41E01811AFC AS DateTime), NULL, 1)
INSERT [dbo].[Items] ([ItemId], [UserId], [Title], [Description], [PriorityId], [Url], [ImagePath], [DateCreated], [DateLastModified], [IsActive]) VALUES (131, 4, N'Gift certificate for IKEA', N'will likely be used for framing', 1, NULL, NULL, CAST(0x0000A41E01814B6F AS DateTime), NULL, 1)
INSERT [dbo].[Items] ([ItemId], [UserId], [Title], [Description], [PriorityId], [Url], [ImagePath], [DateCreated], [DateLastModified], [IsActive]) VALUES (132, 4, N'Gift certificate for Michael''s', N'more frames!!', 1, NULL, NULL, CAST(0x0000A41E018167E3 AS DateTime), NULL, 1)
INSERT [dbo].[Items] ([ItemId], [UserId], [Title], [Description], [PriorityId], [Url], [ImagePath], [DateCreated], [DateLastModified], [IsActive]) VALUES (133, 4, N'Yeti mic', N'for my home studio', 1, N'http://www.bluemic.com/yeti/', NULL, CAST(0x0000A41E0181EB2D AS DateTime), NULL, 1)
INSERT [dbo].[Items] ([ItemId], [UserId], [Title], [Description], [PriorityId], [Url], [ImagePath], [DateCreated], [DateLastModified], [IsActive]) VALUES (134, 12, N'Calvin and Hobbes books', N'- There''s Treasure Everywhere
- The Days are Just Packed', 1, NULL, NULL, CAST(0x0000A43501499DA2 AS DateTime), NULL, 1)
INSERT [dbo].[Items] ([ItemId], [UserId], [Title], [Description], [PriorityId], [Url], [ImagePath], [DateCreated], [DateLastModified], [IsActive]) VALUES (135, 14, N'Go karting helmet', N'(Hint hint I/they yous motor bike helmets.)', 1, NULL, NULL, CAST(0x0000A5180135B30F AS DateTime), CAST(0x0000A51801370CE8 AS DateTime), 1)
INSERT [dbo].[Items] ([ItemId], [UserId], [Title], [Description], [PriorityId], [Url], [ImagePath], [DateCreated], [DateLastModified], [IsActive]) VALUES (136, 14, N'Money towards saving up', N'saving up for future things like...a car or a motor bike or stuff.', 2, NULL, NULL, CAST(0x0000A5180138B528 AS DateTime), CAST(0x0000A519014EE6BE AS DateTime), 1)
INSERT [dbo].[Items] ([ItemId], [UserId], [Title], [Description], [PriorityId], [Url], [ImagePath], [DateCreated], [DateLastModified], [IsActive]) VALUES (137, 14, N'lego technic 24 hour race car', NULL, 2, NULL, NULL, CAST(0x0000A51A0128AE81 AS DateTime), NULL, 1)
SET IDENTITY_INSERT [dbo].[Items] OFF
/****** Object:  Table [dbo].[ItemClaims]    Script Date: 10/05/2015 22:27:09 ******/
SET IDENTITY_INSERT [dbo].[ItemClaims] ON
INSERT [dbo].[ItemClaims] ([ItemClaimId], [ItemId], [UserId], [ClaimTypeId], [Comment], [DateCreated], [DateLastModified]) VALUES (1, 9, 9, 1, N'', CAST(0x0000A3ED010FAE10 AS DateTime), NULL)
INSERT [dbo].[ItemClaims] ([ItemClaimId], [ItemId], [UserId], [ClaimTypeId], [Comment], [DateCreated], [DateLastModified]) VALUES (2, 10, 13, 1, N'Mackenzie and I are going in on this together', CAST(0x0000A3ED015CF663 AS DateTime), NULL)
INSERT [dbo].[ItemClaims] ([ItemClaimId], [ItemId], [UserId], [ClaimTypeId], [Comment], [DateCreated], [DateLastModified]) VALUES (3, 33, 9, 1, N'', CAST(0x0000A3ED016CD738 AS DateTime), NULL)
INSERT [dbo].[ItemClaims] ([ItemClaimId], [ItemId], [UserId], [ClaimTypeId], [Comment], [DateCreated], [DateLastModified]) VALUES (4, 32, 9, 1, N'', CAST(0x0000A3ED016CDFE1 AS DateTime), NULL)
INSERT [dbo].[ItemClaims] ([ItemClaimId], [ItemId], [UserId], [ClaimTypeId], [Comment], [DateCreated], [DateLastModified]) VALUES (5, 26, 8, 1, N'', CAST(0x0000A3ED0170B794 AS DateTime), NULL)
INSERT [dbo].[ItemClaims] ([ItemClaimId], [ItemId], [UserId], [ClaimTypeId], [Comment], [DateCreated], [DateLastModified]) VALUES (6, 6, 3, 1, N'(24/11/2014 by Oma)', CAST(0x0000A3ED017E798F AS DateTime), NULL)
INSERT [dbo].[ItemClaims] ([ItemClaimId], [ItemId], [UserId], [ClaimTypeId], [Comment], [DateCreated], [DateLastModified]) VALUES (7, 47, 6, 1, N'Kajsa wants this before Christmas, so I''m going to get it for her shortly.', CAST(0x0000A3EE00A3C9E7 AS DateTime), NULL)
INSERT [dbo].[ItemClaims] ([ItemClaimId], [ItemId], [UserId], [ClaimTypeId], [Comment], [DateCreated], [DateLastModified]) VALUES (8, 14, 4, 2, N'Subscription to Teen Vogue', CAST(0x0000A3EE00A5D6FE AS DateTime), NULL)
INSERT [dbo].[ItemClaims] ([ItemClaimId], [ItemId], [UserId], [ClaimTypeId], [Comment], [DateCreated], [DateLastModified]) VALUES (9, 5, 3, 1, N'25/11/2014 by Elsie', CAST(0x0000A3EE00B1AC95 AS DateTime), NULL)
INSERT [dbo].[ItemClaims] ([ItemClaimId], [ItemId], [UserId], [ClaimTypeId], [Comment], [DateCreated], [DateLastModified]) VALUES (11, 40, 15, 1, N'', CAST(0x0000A3F400D19671 AS DateTime), NULL)
INSERT [dbo].[ItemClaims] ([ItemClaimId], [ItemId], [UserId], [ClaimTypeId], [Comment], [DateCreated], [DateLastModified]) VALUES (12, 7, 13, 1, N'Everett and I bought her this for her birthday', CAST(0x0000A3F50133EE54 AS DateTime), NULL)
INSERT [dbo].[ItemClaims] ([ItemClaimId], [ItemId], [UserId], [ClaimTypeId], [Comment], [DateCreated], [DateLastModified]) VALUES (13, 50, 10, 1, N'For Mackenzie''s Birthday, from MKKMM', CAST(0x0000A3F80101026D AS DateTime), NULL)
INSERT [dbo].[ItemClaims] ([ItemClaimId], [ItemId], [UserId], [ClaimTypeId], [Comment], [DateCreated], [DateLastModified]) VALUES (14, 58, 8, 1, N'', CAST(0x0000A3FD00959751 AS DateTime), NULL)
INSERT [dbo].[ItemClaims] ([ItemClaimId], [ItemId], [UserId], [ClaimTypeId], [Comment], [DateCreated], [DateLastModified]) VALUES (15, 53, 14, 1, N'', CAST(0x0000A3FD010CFF84 AS DateTime), NULL)
INSERT [dbo].[ItemClaims] ([ItemClaimId], [ItemId], [UserId], [ClaimTypeId], [Comment], [DateCreated], [DateLastModified]) VALUES (16, 106, 11, 1, N'I called it! :', CAST(0x0000A3FD01188F95 AS DateTime), NULL)
INSERT [dbo].[ItemClaims] ([ItemClaimId], [ItemId], [UserId], [ClaimTypeId], [Comment], [DateCreated], [DateLastModified]) VALUES (17, 92, 3, 1, N'', CAST(0x0000A3FE00B654A5 AS DateTime), NULL)
INSERT [dbo].[ItemClaims] ([ItemClaimId], [ItemId], [UserId], [ClaimTypeId], [Comment], [DateCreated], [DateLastModified]) VALUES (18, 11, 3, 1, N'', CAST(0x0000A3FE00B67092 AS DateTime), NULL)
INSERT [dbo].[ItemClaims] ([ItemClaimId], [ItemId], [UserId], [ClaimTypeId], [Comment], [DateCreated], [DateLastModified]) VALUES (19, 27, 3, 1, N'', CAST(0x0000A3FE00B6A609 AS DateTime), NULL)
INSERT [dbo].[ItemClaims] ([ItemClaimId], [ItemId], [UserId], [ClaimTypeId], [Comment], [DateCreated], [DateLastModified]) VALUES (21, 34, 3, 1, N'', CAST(0x0000A3FE00B6F8CD AS DateTime), NULL)
INSERT [dbo].[ItemClaims] ([ItemClaimId], [ItemId], [UserId], [ClaimTypeId], [Comment], [DateCreated], [DateLastModified]) VALUES (22, 91, 3, 1, N'', CAST(0x0000A3FE00B73DE7 AS DateTime), NULL)
INSERT [dbo].[ItemClaims] ([ItemClaimId], [ItemId], [UserId], [ClaimTypeId], [Comment], [DateCreated], [DateLastModified]) VALUES (23, 55, 3, 2, N'Have no idea what the cost of a rack is.', CAST(0x0000A3FE00B7CB8E AS DateTime), NULL)
INSERT [dbo].[ItemClaims] ([ItemClaimId], [ItemId], [UserId], [ClaimTypeId], [Comment], [DateCreated], [DateLastModified]) VALUES (24, 67, 3, 1, N'', CAST(0x0000A3FE00B85EC5 AS DateTime), NULL)
INSERT [dbo].[ItemClaims] ([ItemClaimId], [ItemId], [UserId], [ClaimTypeId], [Comment], [DateCreated], [DateLastModified]) VALUES (25, 71, 3, 1, N'', CAST(0x0000A3FE00B867DF AS DateTime), NULL)
INSERT [dbo].[ItemClaims] ([ItemClaimId], [ItemId], [UserId], [ClaimTypeId], [Comment], [DateCreated], [DateLastModified]) VALUES (26, 96, 3, 1, N'', CAST(0x0000A40000E08968 AS DateTime), NULL)
INSERT [dbo].[ItemClaims] ([ItemClaimId], [ItemId], [UserId], [ClaimTypeId], [Comment], [DateCreated], [DateLastModified]) VALUES (27, 30, 3, 1, N'', CAST(0x0000A40000E0B694 AS DateTime), NULL)
INSERT [dbo].[ItemClaims] ([ItemClaimId], [ItemId], [UserId], [ClaimTypeId], [Comment], [DateCreated], [DateLastModified]) VALUES (28, 35, 3, 1, N'', CAST(0x0000A40000E0D89E AS DateTime), NULL)
INSERT [dbo].[ItemClaims] ([ItemClaimId], [ItemId], [UserId], [ClaimTypeId], [Comment], [DateCreated], [DateLastModified]) VALUES (29, 86, 3, 1, N'', CAST(0x0000A40000E0EF6A AS DateTime), NULL)
INSERT [dbo].[ItemClaims] ([ItemClaimId], [ItemId], [UserId], [ClaimTypeId], [Comment], [DateCreated], [DateLastModified]) VALUES (30, 3, 3, 1, N'', CAST(0x0000A40000E13887 AS DateTime), NULL)
INSERT [dbo].[ItemClaims] ([ItemClaimId], [ItemId], [UserId], [ClaimTypeId], [Comment], [DateCreated], [DateLastModified]) VALUES (31, 4, 3, 1, N'', CAST(0x0000A40000E14177 AS DateTime), NULL)
INSERT [dbo].[ItemClaims] ([ItemClaimId], [ItemId], [UserId], [ClaimTypeId], [Comment], [DateCreated], [DateLastModified]) VALUES (32, 15, 3, 1, N'', CAST(0x0000A40000E1710E AS DateTime), NULL)
INSERT [dbo].[ItemClaims] ([ItemClaimId], [ItemId], [UserId], [ClaimTypeId], [Comment], [DateCreated], [DateLastModified]) VALUES (33, 42, 3, 1, N'', CAST(0x0000A40000E1868D AS DateTime), NULL)
INSERT [dbo].[ItemClaims] ([ItemClaimId], [ItemId], [UserId], [ClaimTypeId], [Comment], [DateCreated], [DateLastModified]) VALUES (34, 46, 3, 1, N'', CAST(0x0000A40000E19FBA AS DateTime), NULL)
INSERT [dbo].[ItemClaims] ([ItemClaimId], [ItemId], [UserId], [ClaimTypeId], [Comment], [DateCreated], [DateLastModified]) VALUES (35, 57, 3, 1, N'', CAST(0x0000A40000E1FD83 AS DateTime), NULL)
INSERT [dbo].[ItemClaims] ([ItemClaimId], [ItemId], [UserId], [ClaimTypeId], [Comment], [DateCreated], [DateLastModified]) VALUES (36, 97, 3, 1, N'', CAST(0x0000A4000114D376 AS DateTime), NULL)
INSERT [dbo].[ItemClaims] ([ItemClaimId], [ItemId], [UserId], [ClaimTypeId], [Comment], [DateCreated], [DateLastModified]) VALUES (37, 85, 3, 1, N'', CAST(0x0000A4000114E591 AS DateTime), NULL)
INSERT [dbo].[ItemClaims] ([ItemClaimId], [ItemId], [UserId], [ClaimTypeId], [Comment], [DateCreated], [DateLastModified]) VALUES (38, 110, 2, 1, N'', CAST(0x0000A400016F91DE AS DateTime), NULL)
INSERT [dbo].[ItemClaims] ([ItemClaimId], [ItemId], [UserId], [ClaimTypeId], [Comment], [DateCreated], [DateLastModified]) VALUES (39, 72, 3, 1, N'', CAST(0x0000A40100940EE9 AS DateTime), NULL)
INSERT [dbo].[ItemClaims] ([ItemClaimId], [ItemId], [UserId], [ClaimTypeId], [Comment], [DateCreated], [DateLastModified]) VALUES (40, 109, 9, 1, N'', CAST(0x0000A402017919BB AS DateTime), NULL)
INSERT [dbo].[ItemClaims] ([ItemClaimId], [ItemId], [UserId], [ClaimTypeId], [Comment], [DateCreated], [DateLastModified]) VALUES (41, 8, 14, 1, N'gabe and me', CAST(0x0000A404014248F7 AS DateTime), NULL)
INSERT [dbo].[ItemClaims] ([ItemClaimId], [ItemId], [UserId], [ClaimTypeId], [Comment], [DateCreated], [DateLastModified]) VALUES (42, 12, 8, 1, N'', CAST(0x0000A40500B096A3 AS DateTime), NULL)
INSERT [dbo].[ItemClaims] ([ItemClaimId], [ItemId], [UserId], [ClaimTypeId], [Comment], [DateCreated], [DateLastModified]) VALUES (43, 13, 3, 1, N'', CAST(0x0000A40500E8B3A1 AS DateTime), NULL)
INSERT [dbo].[ItemClaims] ([ItemClaimId], [ItemId], [UserId], [ClaimTypeId], [Comment], [DateCreated], [DateLastModified]) VALUES (45, 65, 6, 1, N'children''s pony farm, #5222', CAST(0x0000A405012BFF82 AS DateTime), NULL)
INSERT [dbo].[ItemClaims] ([ItemClaimId], [ItemId], [UserId], [ClaimTypeId], [Comment], [DateCreated], [DateLastModified]) VALUES (46, 104, 10, 1, N'', CAST(0x0000A406010AD431 AS DateTime), NULL)
INSERT [dbo].[ItemClaims] ([ItemClaimId], [ItemId], [UserId], [ClaimTypeId], [Comment], [DateCreated], [DateLastModified]) VALUES (47, 105, 7, 1, N'', CAST(0x0000A40700E65088 AS DateTime), NULL)
INSERT [dbo].[ItemClaims] ([ItemClaimId], [ItemId], [UserId], [ClaimTypeId], [Comment], [DateCreated], [DateLastModified]) VALUES (48, 103, 7, 1, N'', CAST(0x0000A40700E66322 AS DateTime), NULL)
INSERT [dbo].[ItemClaims] ([ItemClaimId], [ItemId], [UserId], [ClaimTypeId], [Comment], [DateCreated], [DateLastModified]) VALUES (49, 123, 7, 1, N'', CAST(0x0000A40700E69058 AS DateTime), NULL)
INSERT [dbo].[ItemClaims] ([ItemClaimId], [ItemId], [UserId], [ClaimTypeId], [Comment], [DateCreated], [DateLastModified]) VALUES (50, 48, 6, 1, N'', CAST(0x0000A4080147FA72 AS DateTime), NULL)
INSERT [dbo].[ItemClaims] ([ItemClaimId], [ItemId], [UserId], [ClaimTypeId], [Comment], [DateCreated], [DateLastModified]) VALUES (51, 102, 6, 2, N'Getting gift cards from Garage and Plato''s Closet.  But there can never be too many of these!', CAST(0x0000A4080148A03B AS DateTime), NULL)
INSERT [dbo].[ItemClaims] ([ItemClaimId], [ItemId], [UserId], [ClaimTypeId], [Comment], [DateCreated], [DateLastModified]) VALUES (52, 108, 6, 1, N'', CAST(0x0000A409015D12D5 AS DateTime), NULL)
INSERT [dbo].[ItemClaims] ([ItemClaimId], [ItemId], [UserId], [ClaimTypeId], [Comment], [DateCreated], [DateLastModified]) VALUES (53, 128, 10, 1, N'', CAST(0x0000A40A00C2FD89 AS DateTime), NULL)
INSERT [dbo].[ItemClaims] ([ItemClaimId], [ItemId], [UserId], [ClaimTypeId], [Comment], [DateCreated], [DateLastModified]) VALUES (54, 20, 6, 1, N'', CAST(0x0000A40B00C14E1B AS DateTime), NULL)
SET IDENTITY_INSERT [dbo].[ItemClaims] OFF
